INSERT INTO usr (validated,enabled,access_level,last_accessed,username,email,fullname,password,note,org_code) values (1,1,50,NULL,'john-walters','Andrew@cat-it.co.nz','John Walters','john-walters','','41');
INSERT INTO usr (validated,enabled,access_level,last_accessed,username,email,fullname,password,note,org_code) values (1,1,900,NULL,'godfrey','Godfrey@cat-it.co.nz','Godfrey Fernandez','leo','','37');
INSERT INTO usr (validated,enabled,access_level,last_accessed,username,email,fullname,password,note,org_code) values (1,1,10,'Mon 02 Aug 15:36:59 1999 NZST','meta','meta@plumbing-world.co.nz','Meta Brinkman','sam123','','47');
INSERT INTO usr (validated,enabled,access_level,last_accessed,username,email,fullname,password,note,org_code) values (1,1,900,'Tue 20 Jul 13:42:34 1999 NZST','mike','Mike@cat-it.co.nz','Mike O''Connor','leo','','37');
INSERT INTO usr (validated,enabled,access_level,last_accessed,username,email,fullname,password,note,org_code) values (1,1,900,NULL,'paul','paul@cat-it.co.nz','Paul Waite','Waitomo.','','37');
INSERT INTO usr (validated,enabled,access_level,last_accessed,username,email,fullname,password,note,org_code) values (1,1,90,NULL,'dale','dale@nbmp.co.nz','Dale Felmingham','dale','','42');
INSERT INTO usr (validated,enabled,access_level,last_accessed,username,email,fullname,password,note,org_code) values (1,1,10,NULL,'kerri','kcalder@ttp.co.nz','Kerri Calder','kerri','','38');
INSERT INTO usr (validated,enabled,access_level,last_accessed,username,email,fullname,password,note,org_code) values (1,1,10,NULL,'mfigg','mfigg@agp.com.au','Mike Figg','no tie','','39');
INSERT INTO usr (validated,enabled,access_level,last_accessed,username,email,fullname,password,note,org_code) values (1,1,10,NULL,'davidm','dmclachlan@transitnz.govt.nz','David McLachlan','convent','','37');
INSERT INTO usr (validated,enabled,access_level,last_accessed,username,email,fullname,password,note,org_code) values (1,1,10,'Wed 08 Sep 11:21:53 1999 NZST','rkcatalyst','rkcatalyst@cat-it.co.nz','Catalyst Rentokil List','','','37');
INSERT INTO usr (validated,enabled,access_level,last_accessed,username,email,fullname,password,note,org_code) values (1,1,10,'Wed 01 Sep 10:57:59 1999 NZST','cathy','cdonnelly@agp.com.au','Catherine Donnelly','','','39');
INSERT INTO usr (validated,enabled,access_level,last_accessed,username,email,fullname,password,note,org_code) values (1,1,10,NULL,'heathermax','Andrew@cat-it.co.nz','Heather Buchanan','xenon','Home, home on the range,
where the dog and the toddler play,
where never is heard,
an intelligent word,
and the cat is in hiding all day.','37');
INSERT INTO usr (validated,enabled,access_level,last_accessed,username,email,fullname,password,note,org_code) values (1,1,10,'Fri 01 Oct 11:34:19 1999 NZST','fiorinda','fmascaro@agp.com.au','Fiorinda Mascaro','','','39');
INSERT INTO usr (validated,enabled,access_level,last_accessed,username,email,fullname,password,note,org_code) values (1,1,10,NULL,'renate','RSilbermann@agp.com.au','Renate Silbermann','','','39');
INSERT INTO usr (validated,enabled,access_level,last_accessed,username,email,fullname,password,note,org_code) values (1,1,10,NULL,'clare','CBloomfield@agp.com.au','Clare Bloomfield','bloomfield','','39');
INSERT INTO usr (validated,enabled,access_level,last_accessed,username,email,fullname,password,note,org_code) values (1,1,10,'Fri 27 Aug 14:02:47 1999 NZST','pdc','PdiCristo@agp.com.au','Paul di Cristo','','','39');
INSERT INTO usr (validated,enabled,access_level,last_accessed,username,email,fullname,password,note,org_code) values (1,1,10,NULL,'nerida','njeffree@agp.com.au','Nerida Jeffree','','','39');
INSERT INTO usr (validated,enabled,access_level,last_accessed,username,email,fullname,password,note,org_code) values (1,1,999,'Wed 22 Sep 13:36:09 1999 NZST','ewen','ewen@cat-it.co.nz','Ewen McNeill','random text','','37');
INSERT INTO usr (validated,enabled,access_level,last_accessed,username,email,fullname,password,note,org_code) values (1,1,10,NULL,'lynda','Lynda@capit.co.nz','Lynda Steen',NULL,'','40');
INSERT INTO usr (validated,enabled,access_level,last_accessed,username,email,fullname,password,note,org_code) values (1,1,900,'Tue 12 Oct 11:09:07 1999 NZDT','tyrone','Tyrone@cat-it.co.nz','Tyrone McAuley','sony','','37');
INSERT INTO usr (validated,enabled,access_level,last_accessed,username,email,fullname,password,note,org_code) values (1,1,50,'Mon 18 Oct 10:59:36 1999 NZDT','tim','tim@capit.co.nz','Tim Dean','pilot','','40');
INSERT INTO usr (validated,enabled,access_level,last_accessed,username,email,fullname,password,note,org_code) values (1,1,10,'Sun 04 Jul 09:19:18 1999 NZST','anna','anna@cat-it.co.nz','Anna Brooker','axel','','37');
INSERT INTO usr (validated,enabled,access_level,last_accessed,username,email,fullname,password,note,org_code) values (1,1,900,'Thu 09 Sep 12:25:39 1999 NZST','don','Don@cat-it.co.nz','Donald Christie','fly','','37');
INSERT INTO usr (validated,enabled,access_level,last_accessed,username,email,fullname,password,note,org_code) values (1,1,900,'Thu 09 Sep 14:59:53 1999 NZST','alan','Alan@cat-it.co.nz','Alan McNatty','shoe','','37');
INSERT INTO usr (validated,enabled,access_level,last_accessed,username,email,fullname,password,note,org_code) values (1,1,10,'Tue 20 Jul 13:27:05 1999 NZST','mandy','mandy@parentscentre.org.nz','Mandy Natusch','natusch','','46');
INSERT INTO usr (validated,enabled,access_level,last_accessed,username,email,fullname,password,note,org_code) values (1,1,10,'Wed 30 Jun 11:22:17 1999 NZST','kevin','kevin.house@rentokil-initial.co.nz','Kevin House','noplunket','','43');
INSERT INTO usr (validated,enabled,access_level,last_accessed,username,email,fullname,password,note,org_code) values (1,1,10,NULL,'diane','dwilli@nzgp.co.nz','Diane Williams',NULL,'','38');
INSERT INTO usr (validated,enabled,access_level,last_accessed,username,email,fullname,password,note,org_code) values (1,1,10,NULL,'greg','gkenward@nzgp.co.nz','Greg Kenward','gkqprq','','38');
INSERT INTO usr (validated,enabled,access_level,last_accessed,username,email,fullname,password,note,org_code) values (1,1,10,NULL,'margaret','MMiller@nzgp.co.nz','Margaret Miller','','','38');
INSERT INTO usr (validated,enabled,access_level,last_accessed,username,email,fullname,password,note,org_code) values (1,1,900,'Tue 27 Jul 09:31:22 1999 NZST','gavin','Gavin@cat-it.co.nz','Gavin Thompson','miller','','37');
INSERT INTO usr (validated,enabled,access_level,last_accessed,username,email,fullname,password,note,org_code) values (1,1,10,NULL,'josy','adams.josy@free.fr','josy adams','a8gv1db2','I WANT TO SUBSCRIBE I AM GIRL 24 OLD PLEASE HELP ME','37');
INSERT INTO usr (validated,enabled,access_level,last_accessed,username,email,fullname,password,note,org_code) values (1,1,99900,'Fri 15 Oct 17:45:47 1999 NZDT','andrew','Andrew@cat-it.co.nz','Andrew McMillan','4thrite','','37');
INSERT INTO usr (validated,enabled,access_level,last_accessed,username,email,fullname,password,note,org_code) values (1,1,10,'Tue 26 Oct 14:02:06 1999 NZDT','mallan','mallan@agp.com.au','Michael Allan','thomas','','39');
INSERT INTO usr (validated,enabled,access_level,last_accessed,username,email,fullname,password,note,org_code) values (1,1,10,'Tue 02 Nov 08:39:02 1999 NZDT','bill','bill@haka.co.nz','Bill Gilbert','gilbert','','46');
INSERT INTO usr (validated,enabled,access_level,last_accessed,username,email,fullname,password,note,org_code) values (1,1,10,NULL,'hahn','KHAHN@COMPSYCH.COM','kathryn','CAPYBARA','','43');
INSERT INTO usr (validated,enabled,access_level,last_accessed,username,email,fullname,password,note,org_code) values (1,1,5000,'Fri 15 Oct 15:35:00 1999 NZDT','ncole','ncole@nzgp.co.nz','Nicki Cole','chelsea','','38');
INSERT INTO usr (validated,enabled,access_level,last_accessed,username,email,fullname,password,note,org_code) values (1,1,100,NULL,'jackie','JHjorth@ttp.co.nz','Jackie Hjorth','hjorth',NULL,'38');
INSERT INTO usr (validated,enabled,access_level,last_accessed,username,email,fullname,password,note,org_code) values (1,1,1000,'Tue 26 Oct 14:04:35 1999 NZDT','kimberley','kfairbanks@agp.com.au','Kimberley Fairbanks','','','39');
INSERT INTO usr_setting (username,setting_name,setting_value) values ('mike','list-requests','0~~active~severity_code DESC');
INSERT INTO usr_setting (username,setting_name,setting_value) values ('mallan','list-requests','0~~active~severity_code DESC~agp~~~');
INSERT INTO usr_setting (username,setting_name,setting_value) values ('Cathy','list-requests','0~~active~severity_code DESC~AGP~~~');
INSERT INTO usr_setting (username,setting_name,setting_value) values ('renate','list-requests','0~~active~severity_code DESC');
INSERT INTO usr_setting (username,setting_name,setting_value) values ('anna','list-requests','~~active~severity_code DESC~');
INSERT INTO usr_setting (username,setting_name,setting_value) values ('mfigg','list-requests','0~~NOT active~severity_code DESC~');
INSERT INTO usr_setting (username,setting_name,setting_value) values ('tyrone','list-requests','0~~active~request_id ASC~~~~');
INSERT INTO usr_setting (username,setting_name,setting_value) values ('clare','list-requests','0~~active~severity_code DESC~agp');
INSERT INTO usr_setting (username,setting_name,setting_value) values ('nerida','list-requests','0~~active~severity_code DESC~AGP');
INSERT INTO usr_setting (username,setting_name,setting_value) values ('gavin','list-requests','10~~active~last_noted DESC~');
INSERT INTO usr_setting (username,setting_name,setting_value) values ('kevin','list-requests','0~~active~request_id DESC~');
INSERT INTO usr_setting (username,setting_name,setting_value) values ('tim','list-requests','0~tim~active~severity_code DESC~AMTRUST~~brief~');
INSERT INTO usr_setting (username,setting_name,setting_value) values ('Meta','list-requests','0~~active~severity_code DESC~~~');
INSERT INTO usr_setting (username,setting_name,setting_value) values ('ncole','list-requests','0~~active~severity_code DESC~~~brief~');
INSERT INTO usr_setting (username,setting_name,setting_value) values ('ewen','list-requests','~~active~severity_code DESC~~~~');
INSERT INTO usr_setting (username,setting_name,setting_value) values ('don','list-requests','0~~active~request_id ASC~~RKIL-FIN~~');
INSERT INTO usr_setting (username,setting_name,setting_value) values ('mandy','list-requests','0~~active~severity_code DESC~~~');
INSERT INTO usr_setting (username,setting_name,setting_value) values ('Kimberley','list-requests','0~~active~severity_code DESC~AGP~~~');
INSERT INTO usr_setting (username,setting_name,setting_value) values ('rkcatalyst','list-requests','0~~active~severity_code DESC~RENTOKIL~~~');
INSERT INTO usr_setting (username,setting_name,setting_value) values ('bill','list-requests','0~bill~active~severity_code DESC~pcnz~~detail~');
INSERT INTO usr_setting (username,setting_name,setting_value) values ('andrew','list-requests','0~~active~severity_code DESC~~APMS~~');
INSERT INTO usr_setting (username,setting_name,setting_value) values ('pdc','list-requests','0~~NOT active~severity_code DESC~~~brief');
INSERT INTO usr_setting (username,setting_name,setting_value) values ('fiorinda','list-requests','10~FIORINDA~active~severity_code DESC~AGP~~~');
INSERT INTO system_update (update_id,update_on,update_by_id,update_by,update_brief,update_description,file_url,system_code) values (4,'Fri 14 May 16:44:52 1999 NZST',10,'andrew','Changes to finish process for new lease wizard to turn off the rental space triggers.','Changes to finish process for new lease wizard to turn off the rental space triggers.','/~andrew/capital/system_updates/update-4.zip','APMS');
INSERT INTO system_update (update_id,update_on,update_by_id,update_by,update_brief,update_description,file_url,system_code) values (5,'Fri 11 Jun 22:37:34 1999 NZST',10,'andrew','Large update incorporating all changes to Capital APMS over the last month.','Large update incorporating all changes to Capital APMS over the last month.
 o Wardens Summary (reporting of Tenant Contacts really)
 o Export of Tenant Contacts
 o Fix some minor problems with Management Reports
 o Minor changes to replication load
 o Substantial Enhancements to Wizards
 o Fix to Contact Export for inter-system transfers
 o Enhancements to deposit report
 o Fixes to To Do list reports and browsers
 o New "Entity List" system for grouping companies/properties/accounts...
 o Budget Report now uses "Entity List" for reporting (other reports will eventually also)
 o Changes to Debtors Report to allow for larger "overdue balances" figures.
 o Changes to Aged Balance report to allow options as for Debtors Report
','/~andrew/capital/system_updates/update-5.zip','APMS');
INSERT INTO system_update (update_id,update_on,update_by_id,update_by,update_brief,update_description,file_url,system_code) values (6,'Thu 17 Jun 09:23:37 1999 NZST',10,'andrew','Option on Invoice/Statement to Hide/Show aging details','Option on Invoice/Statement to Hide/Show aging details.  Note that this option applies to the whole run at this stage.','/~andrew/capital/system_updates/update-6.zip','APMS');
INSERT INTO system_update (update_id,update_on,update_by_id,update_by,update_brief,update_description,file_url,system_code) values (8,'Fri 02 Jul 13:34:26 1999 NZST',10,'andrew','Another try to fix the problem for global','I ran it against global this time.  You will need to change the Office Setting "RentCharge-OG-By-Lease" to "Charge" (rather than "no").
Call me if you have any problems.','http://wrms.cat-it.co.nz/system_updates/update-8.zip','APMS');
INSERT INTO system_update (update_id,update_on,update_by_id,update_by,update_brief,update_description,file_url,system_code) values (9,'Mon 12 Jul 09:43:13 1999 NZST',10,'andrew','Changes made during week of 21/6/99','Most of these changes were primarily written for AGP:
 - Contacts Browser to show non-system contact types
 - Tighten checking on Cheque Run
 - extensions to tb by group report
 - fix deposit report for Sydney use','http://wrms.cat-it.co.nz/system_updates/update-9.zip','APMS');
INSERT INTO system_update (update_id,update_on,update_by_id,update_by,update_brief,update_description,file_url,system_code) values (10,'Mon 12 Jul 09:49:29 1999 NZST',10,'andrew','Add ''Cheque Sent'' functionality','This update includes a database change to handle a ''Date Cheque Posted'' as well as changes to the unpresented cheques browser to show the date and allow it to be set.
The unpresented cheques report is also changed to add an option to show value of cheques sent on various dates and to show the date each unpresented cheque was sent.
This update also includes minor changes to the sub-lease browser and rental space screen to accommodate the "Property Picture" report written at the same time.','http://wrms.cat-it.co.nz/system_updates/update-10.zip','APMS');
INSERT INTO system_update (update_id,update_on,update_by_id,update_by,update_brief,update_description,file_url,system_code) values (13,'Fri 23 Jul 08:46:13 1999 NZST',10,'andrew','Building Profile Report','Changed building profile so that the number of rows of tenant information cycles within a level, rather than beyond.
Moved the picture down by 1 cm on both the landscape and portrait presentations of the report.','http://wrms.cat-it.co.nz/system_updates/update-13.zip','APMS');
INSERT INTO system_update (update_id,update_on,update_by_id,update_by,update_brief,update_description,file_url,system_code) values (11,'Mon 12 Jul 09:52:31 1999 NZST',10,'andrew','Fix problem with debtors report','There was a problem with the debtors report not showing the extended aging information if a ''minimum value'' of less than 0.02c was used. This update will ensure the report works with a minimum value of 0.01c.','http://wrms.cat-it.co.nz/system_updates/update-11.zip','APMS');
INSERT INTO system_update (update_id,update_on,update_by_id,update_by,update_brief,update_description,file_url,system_code) values (16,'Tue 27 Jul 09:55:47 1999 NZST',10,'andrew','Show vacant space on Rent Variance report','Fixed report to show vacant space (difference between property and tenants) when run for tenants, detailed.','http://wrms.cat-it.co.nz/system_updates/update-16.zip','APMS');
INSERT INTO system_update (update_id,update_on,update_by_id,update_by,update_brief,update_description,file_url,system_code) values (14,'Fri 23 Jul 09:34:29 1999 NZST',10,'andrew','Building Profile Image - move title left 1cm','Move title left by 1cm for both landscape and portrait layouts','http://wrms.cat-it.co.nz/system_updates/update-14.zip','APMS');
INSERT INTO system_update (update_id,update_on,update_by_id,update_by,update_brief,update_description,file_url,system_code) values (18,'Thu 14 Oct 16:02:02 1999 NZDT',10,'andrew','Fix order of totals on Aged Balance report','This should put the totals back in the right order on the Aged Balance report.','http://wrms.cat-it.co.nz/system_updates/update-18.zip','APMS');
INSERT INTO system_update (update_id,update_on,update_by_id,update_by,update_brief,update_description,file_url,system_code) values (15,'Fri 23 Jul 10:22:04 1999 NZST',10,'andrew','Building Profile Image Printer - move title left by 2cm','Move title left by 2cm for both landscape and portrait layouts','http://wrms.cat-it.co.nz/system_updates/update-15.zip','APMS');
INSERT INTO system_update (update_id,update_on,update_by_id,update_by,update_brief,update_description,file_url,system_code) values (17,'Tue 27 Jul 13:13:38 1999 NZST',10,'andrew','Zip containing new APMS.XLA','This is <B>NOT</B> a normal update.  This zipfile contains APMS.XLA to replace the existing one in your Office97 "Add Ins" directory.','http://wrms.cat-it.co.nz/system_updates/update-17.zip','APMS');
INSERT INTO system_update (update_id,update_on,update_by_id,update_by,update_brief,update_description,file_url,system_code) values (19,'Fri 15 Oct 17:45:39 1999 NZDT',10,'andrew','Fix forecasting problem','Create actions for re-leasing of areas which fall vacant between today and the start of the forecasting period, ensuring that they get leased.','http://wrms.cat-it.co.nz/system_updates/update-19.zip','APMS');
INSERT INTO system_update (update_id,update_on,update_by_id,update_by,update_brief,update_description,file_url,system_code) values (12,'Tue 13 Jul 15:05:09 1999 NZST',24,'tyrone','Update to the unpresented cheques report','Removed the total line "Balance if sent cheques are presented"
','/~andrew/capital/system_updates/update-12.zip','APMS');
INSERT INTO system_update (update_id,update_on,update_by_id,update_by,update_brief,update_description,file_url,system_code) values (20,'Mon 18 Oct 16:31:28 1999 NZDT',10,'andrew','Start vacant period from forecast start if prior','For leases ending between now and the forecast start, the vacant period should start from the forecast start date.','http://wrms.cat-it.co.nz/system_updates/update-20.zip','APMS');
INSERT INTO system_update (update_id,update_on,update_by_id,update_by,update_brief,update_description,file_url,system_code) values (1,'Thu 13 May 07:40:34 1999 NZST',10,'andrew','Update Management Reports','Update Management Reports to show Contracted Rents rather than Charged Rents','/~andrew/capital/system_updates/update-1.zip','APMS');
INSERT INTO system_update (update_id,update_on,update_by_id,update_by,update_brief,update_description,file_url,system_code) values (2,'Fri 14 May 11:37:00 1999 NZST',10,'andrew','Update to add debug logging to lease wizard','Update to add debug logging to lease wizard, some small fixes to the Property Verification report.
Changes to the update process were also included to allow the use to browse to select the update file also.','/~andrew/capital/system_updates/update-2.zip','APMS');
INSERT INTO system_update (update_id,update_on,update_by_id,update_by,update_brief,update_description,file_url,system_code) values (3,'Fri 14 May 11:46:58 1999 NZST',10,'andrew','Update to TenancyLease and RentalSpace triggers','Update to TenancyLease and RentalSpace triggers to try and avoid deadlock conditions during various wizards doing lease operations.','/~andrew/capital/system_updates/update-3.zip','APMS');
INSERT INTO system_update (update_id,update_on,update_by_id,update_by,update_brief,update_description,file_url,system_code) values (7,'Fri 02 Jul 12:59:35 1999 NZST',10,'andrew','Problems with outgoings on rent charge basis','Fixes to Rent Charge process for AGP.','http://wrms.cat-it.co.nz/system_updates/update-7.zip','APMS');
INSERT INTO system_update (update_id,update_on,update_by_id,update_by,update_brief,update_description,file_url,system_code) values (22,'Wed 27 Oct 07:43:41 1999 NZDT',10,'andrew','Hide Charged Rents and Notes on Property Schedule','I have added a ''No Charged Rents'' and a ''No Notes'' option onto the schedule.  When used together this should give Colin what he is asking for.','http://wrms.cat-it.co.nz/system_updates/update-22.zip','APMS');
INSERT INTO system_update (update_id,update_on,update_by_id,update_by,update_brief,update_description,file_url,system_code) values (26,'Wed 24 Nov 16:14:37 1999 NZDT',10,'andrew','Change to debtors report to correct order of aged totals at end of report','The debtors report was displaying the aged balances at the end of the report in the wrong order.  This update corrects that.','http://wrms.cat-it.co.nz/system_updates/update-26.zip','APMS');
INSERT INTO system_update (update_id,update_on,update_by_id,update_by,update_brief,update_description,file_url,system_code) values (24,'Wed 24 Nov 13:26:49 1999 NZDT',10,'andrew','Changes to Outgoings Export','The export has been changed to try and better identify cases where carpark-only tenants have been inappropriately set to ''Net Lease'' and given a recovery percentage of 100.
The report has also been corrected to apply the same logic to calculating the totals as is applied for inclusion in the report listing, which should mean that the numbers add up to the totals now!','http://wrms.cat-it.co.nz/system_updates/update-24.zip','APMS');
INSERT INTO system_update (update_id,update_on,update_by_id,update_by,update_brief,update_description,file_url,system_code) values (25,'Wed 24 Nov 13:48:22 1999 NZDT',10,'andrew','Changes to AKLD Schedule','The AKLD Schedule has been corrected to apply the same logic as I just changed the Outgoings export to.','http://wrms.cat-it.co.nz/system_updates/update-25.zip','APMS');
INSERT INTO system_update (update_id,update_on,update_by_id,update_by,update_brief,update_description,file_url,system_code) values (28,'Mon 29 Nov 15:17:14 1999 NZDT',10,'andrew','Balances Only option for Property Transactions report','This update adds a Balances Only option to the Property Transactions report.','http://wrms.cat-it.co.nz/system_updates/update-28.zip','APMS');
INSERT INTO system_update (update_id,update_on,update_by_id,update_by,update_brief,update_description,file_url,system_code) values (29,'Thu 02 Dec 10:22:28 1999 NZDT',10,'andrew','Property & GL Transactions non-zero at end of period','Changes to the Property and GL Transactions reports to have the ''non-zero'' option apply at the end of period reported, rather than for the duration of the period reported.
This update also contains ','http://wrms.cat-it.co.nz/system_updates/update-29.zip','APMS');
INSERT INTO system_update (update_id,update_on,update_by_id,update_by,update_brief,update_description,file_url,system_code) values (33,'Tue 14 Dec 23:35:16 1999 NZDT',10,'andrew','Fix consolidation list handling in TB By Group','Since the TB by Group report was modified to handle Property Lists it has not handled consolidation lists correctly.

This fixes that problem','http://wrms.cat-it.co.nz/system_updates/update-33.zip','APMS');
INSERT INTO system_update (update_id,update_on,update_by_id,update_by,update_brief,update_description,file_url,system_code) values (32,'Mon 06 Dec 07:56:04 1999 NZDT',10,'andrew','Correct totals on aged balance and debtors report','One of the column totals was out on the aged balance report (it was not the sum of the column) and the debtors report aging was listed in the wrong order.

These are now fixed.','http://wrms.cat-it.co.nz/system_updates/update-32.zip','APMS');
INSERT INTO request_update (request_id,update_id) values (15,1);
INSERT INTO request_update (request_id,update_id) values (6,3);
INSERT INTO request_update (request_id,update_id) values (13,3);
INSERT INTO request_update (request_id,update_id) values (13,2);
INSERT INTO request_update (request_id,update_id) values (13,4);
INSERT INTO request_update (request_id,update_id) values (21,5);
INSERT INTO request_update (request_id,update_id) values (22,5);
INSERT INTO request_update (request_id,update_id) values (24,5);
INSERT INTO request_update (request_id,update_id) values (2,5);
INSERT INTO request_update (request_id,update_id) values (26,6);
INSERT INTO request_update (request_id,update_id) values (54,7);
INSERT INTO request_update (request_id,update_id) values (54,8);
INSERT INTO request_update (request_id,update_id) values (59,11);
INSERT INTO request_update (request_id,update_id) values (28,12);
INSERT INTO request_update (request_id,update_id) values (49,13);
INSERT INTO request_update (request_id,update_id) values (49,14);
INSERT INTO request_update (request_id,update_id) values (49,15);
INSERT INTO request_update (request_id,update_id) values (66,16);
INSERT INTO request_update (request_id,update_id) values (1,17);
INSERT INTO request_update (request_id,update_id) values (104,18);
INSERT INTO request_update (request_id,update_id) values (90,18);
INSERT INTO request_update (request_id,update_id) values (121,19);
INSERT INTO request_update (request_id,update_id) values (121,20);
INSERT INTO request_update (request_id,update_id) values (128,22);
INSERT INTO request_update (request_id,update_id) values (134,24);
INSERT INTO request_update (request_id,update_id) values (134,25);
INSERT INTO request_update (request_id,update_id) values (59,26);
INSERT INTO request_update (request_id,update_id) values (104,26);
INSERT INTO request_update (request_id,update_id) values (136,26);
INSERT INTO request_update (request_id,update_id) values (138,28);
INSERT INTO request_update (request_id,update_id) values (138,29);
INSERT INTO request_update (request_id,update_id) values (143,29);
INSERT INTO request_update (request_id,update_id) values (90,32);
INSERT INTO request_update (request_id,update_id) values (136,32);
INSERT INTO request_update (request_id,update_id) values (104,32);
INSERT INTO request_update (request_id,update_id) values (59,32);
INSERT INTO request_update (request_id,update_id) values (151,33);
INSERT INTO organisation (org_code,org_name,admin_usr) values ('37','Catalyst IT Ltd','andrew');
INSERT INTO organisation (org_code,org_name,admin_usr) values ('38','New Zealand Growth Property Trust','ncole');
INSERT INTO organisation (org_code,org_name,admin_usr) values ('39','Australian Growth Properties','mallan');
INSERT INTO organisation (org_code,org_name,admin_usr) values ('40','AmTrust Pacific Ltd','tim');
INSERT INTO organisation (org_code,org_name,admin_usr) values ('41','Wellington Newspapers','john-walters');
INSERT INTO organisation (org_code,org_name,admin_usr) values ('42','Nelson Bays Meat Processors','dale');
INSERT INTO organisation (org_code,org_name,admin_usr) values ('43','Rentokil Initial','kevin');
INSERT INTO organisation (org_code,org_name,admin_usr) values ('44','Worley Consulting Group','rob');
INSERT INTO organisation (org_code,org_name,admin_usr) values ('45','Transit New Zealand','DavidM');
INSERT INTO organisation (org_code,org_name,admin_usr) values ('46','Parents Centres New Zealand','mandy');
INSERT INTO organisation (org_code,org_name,admin_usr) values ('47','Plumbing World Limited','Meta');
INSERT INTO work_system (system_code,system_desc,notify_usr) values ('JOBNET','Wellington Newspapers JobNet','ewen');
INSERT INTO work_system (system_code,system_desc,notify_usr) values ('NBMP','Nelson Bays Meat Processors','godfrey');
INSERT INTO work_system (system_code,system_desc,notify_usr) values ('NUMBERS','Numbers Accounting System','don');
INSERT INTO work_system (system_code,system_desc,notify_usr) values ('PWL-WEB','Plumbing World Web','gavin');
INSERT INTO work_system (system_code,system_desc,notify_usr) values ('RKIL-FIN','Rentokil Financials','don');
INSERT INTO work_system (system_code,system_desc,notify_usr) values ('APMS','Capital Accounting and Property Management System','andrew');
INSERT INTO work_system (system_code,system_desc,notify_usr) values ('WRMS','Work Request Management System','andrew');
INSERT INTO work_system (system_code,system_desc,notify_usr) values ('LAN','Local Area Networking support','andrew');
INSERT INTO work_system (system_code,system_desc,notify_usr) values ('PCNZ-WEBDB','PCNZ Web Member Database','andrew');
INSERT INTO work_system (system_code,system_desc,notify_usr) values ('LINUX','Linux Systems Support','andrew');
INSERT INTO org_system (org_code,system_code) values ('CATALYST','APMS');
INSERT INTO org_system (org_code,system_code) values ('CATALYST','WRMS');
INSERT INTO org_system (org_code,system_code) values ('CATALYST','JOBNET');
INSERT INTO org_system (org_code,system_code) values ('CATALYST','LAN');
INSERT INTO org_system (org_code,system_code) values ('NZGP','APMS');
INSERT INTO org_system (org_code,system_code) values ('NZGP','LAN');
INSERT INTO org_system (org_code,system_code) values ('AMTRUST','APMS');
INSERT INTO org_system (org_code,system_code) values ('AMTRUST','WRMS');
INSERT INTO org_system (org_code,system_code) values ('AGP','APMS');
INSERT INTO org_system (org_code,system_code) values ('AGP','WRMS');
INSERT INTO org_system (org_code,system_code) values ('WNL','JOBNET');
INSERT INTO org_system (org_code,system_code) values ('NBMP','NBMP');
INSERT INTO org_system (org_code,system_code) values ('RENTOKIL','RKIL-FIN');
INSERT INTO org_system (org_code,system_code) values ('RENTOKIL','WRMS');
INSERT INTO org_system (org_code,system_code) values ('PCNZ','PCNZ-WEBDB');
INSERT INTO org_system (org_code,system_code) values ('PCNZ','WRMS');
INSERT INTO org_system (org_code,system_code) values ('CATALYST','RKIL-FIN');
INSERT INTO org_system (org_code,system_code) values ('CATALYST','NBMP');
INSERT INTO org_system (org_code,system_code) values ('CATALYST','PCNZ-WEBDB');
INSERT INTO org_system (org_code,system_code) values ('CATALYST','LINUX');
INSERT INTO org_system (org_code,system_code) values ('PWL','WRMS');
INSERT INTO org_system (org_code,system_code) values ('PWL','PWL-WEB');
INSERT INTO perorg_system (perorg_id,persys_role,system_code) values (4,'SYSMGR','NBMP');
INSERT INTO perorg_system (perorg_id,persys_role,system_code) values (37,'USER','PCNZ-WEBDB');
INSERT INTO perorg_system (perorg_id,persys_role,system_code) values (37,'USER','LINUX');
INSERT INTO perorg_system (perorg_id,persys_role,system_code) values (37,'SUPPORT','JOBNET');
INSERT INTO perorg_system (perorg_id,persys_role,system_code) values (37,'SUPPORT','NBMP');
INSERT INTO perorg_system (perorg_id,persys_role,system_code) values (22,'SYSMGR','JOBNET');
INSERT INTO perorg_system (perorg_id,persys_role,system_code) values (22,'SYSMGR','LINUX');
INSERT INTO perorg_system (perorg_id,persys_role,system_code) values (27,'SYSMGR','NUMBERS');
INSERT INTO perorg_system (perorg_id,persys_role,system_code) values (27,'SYSMGR','RKIL-FIN');
INSERT INTO perorg_system (perorg_id,persys_role,system_code) values (35,'SYSMGR','PWL-WEB');
INSERT INTO perorg_system (perorg_id,persys_role,system_code) values (37,'SUPPORT','NUMBERS');
INSERT INTO perorg_system (perorg_id,persys_role,system_code) values (37,'SUPPORT','PWL-WEB');
INSERT INTO perorg_system (perorg_id,persys_role,system_code) values (37,'SUPPORT','RKIL-FIN');
INSERT INTO perorg_system (perorg_id,persys_role,system_code) values (37,'SUPPORT','APMS');
INSERT INTO perorg_system (perorg_id,persys_role,system_code) values (25,'CLTMGR','APMS');
INSERT INTO perorg_system (perorg_id,persys_role,system_code) values (25,'CLTMGR','WRMS');
INSERT INTO perorg_system (perorg_id,persys_role,system_code) values (2,'CLTMGR','APMS');
INSERT INTO perorg_system (perorg_id,persys_role,system_code) values (2,'CLTMGR','WRMS');
INSERT INTO perorg_system (perorg_id,persys_role,system_code) values (3,'CLTMGR','JOBNET');
INSERT INTO perorg_system (perorg_id,persys_role,system_code) values (8,'CLTMGR','NBMP');
INSERT INTO perorg_system (perorg_id,persys_role,system_code) values (31,'CLTMGR','RKIL-FIN');
INSERT INTO perorg_system (perorg_id,persys_role,system_code) values (31,'CLTMGR','WRMS');
INSERT INTO perorg_system (perorg_id,persys_role,system_code) values (29,'CLTMGR','PCNZ-WEBDB');
INSERT INTO perorg_system (perorg_id,persys_role,system_code) values (29,'CLTMGR','WRMS');
INSERT INTO perorg_system (perorg_id,persys_role,system_code) values (37,'SUPPORT','WRMS');
INSERT INTO perorg_system (perorg_id,persys_role,system_code) values (37,'SUPPORT','LAN');
INSERT INTO perorg_system (perorg_id,persys_role,system_code) values (37,'SUPPORT','PCNZ-WEBDB');
INSERT INTO perorg_system (perorg_id,persys_role,system_code) values (37,'SUPPORT','LINUX');
INSERT INTO perorg_system (perorg_id,persys_role,system_code) values (5,'CLTMGR','WRMS');
INSERT INTO perorg_system (perorg_id,persys_role,system_code) values (5,'CLTMGR','PWL-WEB');
INSERT INTO perorg_system (perorg_id,persys_role,system_code) values (9,'USER','APMS');
INSERT INTO perorg_system (perorg_id,persys_role,system_code) values (32,'USER','APMS');
INSERT INTO perorg_system (perorg_id,persys_role,system_code) values (33,'USER','APMS');
INSERT INTO perorg_system (perorg_id,persys_role,system_code) values (34,'USER','APMS');
INSERT INTO perorg_system (perorg_id,persys_role,system_code) values (9,'USER','LAN');
INSERT INTO perorg_system (perorg_id,persys_role,system_code) values (32,'USER','LAN');
INSERT INTO perorg_system (perorg_id,persys_role,system_code) values (33,'USER','LAN');
INSERT INTO perorg_system (perorg_id,persys_role,system_code) values (34,'USER','LAN');
INSERT INTO perorg_system (perorg_id,persys_role,system_code) values (23,'USER','APMS');
INSERT INTO perorg_system (perorg_id,persys_role,system_code) values (25,'USER','APMS');
INSERT INTO perorg_system (perorg_id,persys_role,system_code) values (23,'USER','WRMS');
INSERT INTO perorg_system (perorg_id,persys_role,system_code) values (25,'USER','WRMS');
INSERT INTO perorg_system (perorg_id,persys_role,system_code) values (2,'USER','APMS');
INSERT INTO perorg_system (perorg_id,persys_role,system_code) values (12,'USER','APMS');
INSERT INTO perorg_system (perorg_id,persys_role,system_code) values (15,'USER','APMS');
INSERT INTO perorg_system (perorg_id,persys_role,system_code) values (17,'USER','APMS');
INSERT INTO perorg_system (perorg_id,persys_role,system_code) values (18,'USER','APMS');
INSERT INTO perorg_system (perorg_id,persys_role,system_code) values (19,'USER','APMS');
INSERT INTO perorg_system (perorg_id,persys_role,system_code) values (20,'USER','APMS');
INSERT INTO perorg_system (perorg_id,persys_role,system_code) values (21,'USER','APMS');
INSERT INTO perorg_system (perorg_id,persys_role,system_code) values (2,'USER','WRMS');
INSERT INTO perorg_system (perorg_id,persys_role,system_code) values (12,'USER','WRMS');
INSERT INTO perorg_system (perorg_id,persys_role,system_code) values (15,'USER','WRMS');
INSERT INTO perorg_system (perorg_id,persys_role,system_code) values (17,'USER','WRMS');
INSERT INTO perorg_system (perorg_id,persys_role,system_code) values (18,'USER','WRMS');
INSERT INTO perorg_system (perorg_id,persys_role,system_code) values (19,'USER','WRMS');
INSERT INTO perorg_system (perorg_id,persys_role,system_code) values (20,'USER','WRMS');
INSERT INTO perorg_system (perorg_id,persys_role,system_code) values (21,'USER','WRMS');
INSERT INTO perorg_system (perorg_id,persys_role,system_code) values (3,'USER','JOBNET');
INSERT INTO perorg_system (perorg_id,persys_role,system_code) values (8,'USER','NBMP');
INSERT INTO perorg_system (perorg_id,persys_role,system_code) values (31,'USER','RKIL-FIN');
INSERT INTO perorg_system (perorg_id,persys_role,system_code) values (31,'USER','WRMS');
INSERT INTO perorg_system (perorg_id,persys_role,system_code) values (29,'USER','PCNZ-WEBDB');
INSERT INTO perorg_system (perorg_id,persys_role,system_code) values (36,'USER','PCNZ-WEBDB');
INSERT INTO perorg_system (perorg_id,persys_role,system_code) values (29,'USER','WRMS');
INSERT INTO perorg_system (perorg_id,persys_role,system_code) values (36,'USER','WRMS');
INSERT INTO perorg_system (perorg_id,persys_role,system_code) values (5,'USER','WRMS');
INSERT INTO perorg_system (perorg_id,persys_role,system_code) values (5,'USER','PWL-WEB');
INSERT INTO perorg_system (perorg_id,persys_role,system_code) values (38,'USER','APMS');
INSERT INTO perorg_system (perorg_id,persys_role,system_code) values (38,'USER','LAN');
INSERT INTO perorg_system (perorg_id,persys_role,system_code) values (39,'USER','APMS');
INSERT INTO perorg_system (perorg_id,persys_role,system_code) values (39,'USER','WRMS');
INSERT INTO perorg_system (perorg_id,persys_role,system_code) values (40,'USER','APMS');
INSERT INTO perorg_system (perorg_id,persys_role,system_code) values (40,'USER','WRMS');
INSERT INTO perorg_system (perorg_id,persys_role,system_code) values (41,'USER','JOBNET');
INSERT INTO perorg_system (perorg_id,persys_role,system_code) values (42,'USER','NBMP');
INSERT INTO perorg_system (perorg_id,persys_role,system_code) values (43,'USER','RKIL-FIN');
INSERT INTO perorg_system (perorg_id,persys_role,system_code) values (43,'USER','WRMS');
INSERT INTO perorg_system (perorg_id,persys_role,system_code) values (46,'USER','PCNZ-WEBDB');
INSERT INTO perorg_system (perorg_id,persys_role,system_code) values (46,'USER','WRMS');
INSERT INTO perorg_system (perorg_id,persys_role,system_code) values (47,'USER','WRMS');
INSERT INTO perorg_system (perorg_id,persys_role,system_code) values (47,'USER','PWL-WEB');
INSERT INTO perorg_system (perorg_id,persys_role,system_code) values (10,'SYSMGR','APMS');
INSERT INTO perorg_system (perorg_id,persys_role,system_code) values (10,'SYSMGR','WRMS');
INSERT INTO perorg_system (perorg_id,persys_role,system_code) values (10,'SYSMGR','LAN');
INSERT INTO perorg_system (perorg_id,persys_role,system_code) values (10,'SYSMGR','PCNZ-WEBDB');
INSERT INTO perorg_system (perorg_id,persys_role,system_code) values (10,'SYSMGR','LINUX');
INSERT INTO perorg_system (perorg_id,persys_role,system_code) values (10,'CLTMGR','APMS');
INSERT INTO perorg_system (perorg_id,persys_role,system_code) values (10,'CLTMGR','WRMS');
INSERT INTO perorg_system (perorg_id,persys_role,system_code) values (10,'CLTMGR','LAN');
INSERT INTO perorg_system (perorg_id,persys_role,system_code) values (10,'CLTMGR','JOBNET');
INSERT INTO perorg_system (perorg_id,persys_role,system_code) values (10,'CLTMGR','PCNZ-WEBDB');
INSERT INTO perorg_system (perorg_id,persys_role,system_code) values (10,'CLTMGR','LINUX');
INSERT INTO perorg_system (perorg_id,persys_role,system_code) values (10,'CLTMGR','RKIL-FIN');
INSERT INTO perorg_system (perorg_id,persys_role,system_code) values (10,'USER','APMS');
INSERT INTO perorg_system (perorg_id,persys_role,system_code) values (10,'USER','WRMS');
INSERT INTO perorg_system (perorg_id,persys_role,system_code) values (10,'USER','LAN');
INSERT INTO perorg_system (perorg_id,persys_role,system_code) values (37,'USER','JOBNET');
INSERT INTO perorg_system (perorg_id,persys_role,system_code) values (37,'USER','NBMP');
INSERT INTO perorg_system (perorg_id,persys_role,system_code) values (37,'USER','RKIL-FIN');
INSERT INTO perorg_system (perorg_id,persys_role,system_code) values (37,'USER','APMS');
INSERT INTO perorg_system (perorg_id,persys_role,system_code) values (37,'USER','WRMS');
INSERT INTO perorg_system (perorg_id,persys_role,system_code) values (37,'USER','LAN');
INSERT INTO perorg_system (perorg_id,persys_role,system_code) values (30,'SYSMGR','');
INSERT INTO perorg_system (perorg_id,persys_role,system_code) values (30,'CLTMGR','APMS');
INSERT INTO perorg_system (perorg_id,persys_role,system_code) values (30,'CLTMGR','LAN');
INSERT INTO perorg_system (perorg_id,persys_role,system_code) values (30,'USER','APMS');
INSERT INTO perorg_system (perorg_id,persys_role,system_code) values (30,'USER','LAN');
INSERT INTO perorg_system (perorg_id,persys_role,system_code) values (48,'SYSMGR','');
INSERT INTO perorg_system (perorg_id,persys_role,system_code) values (48,'CLTMGR','APMS');
INSERT INTO perorg_system (perorg_id,persys_role,system_code) values (48,'CLTMGR','LAN');
INSERT INTO perorg_system (perorg_id,persys_role,system_code) values (48,'USER','APMS');
INSERT INTO perorg_system (perorg_id,persys_role,system_code) values (48,'USER','LAN');
INSERT INTO perorg_system (perorg_id,persys_role,system_code) values (51,'SYSMGR','');
INSERT INTO perorg_system (perorg_id,persys_role,system_code) values (51,'CLTMGR','');
INSERT INTO perorg_system (perorg_id,persys_role,system_code) values (51,'USER','APMS');
INSERT INTO perorg_system (perorg_id,persys_role,system_code) values (51,'USER','LAN');
INSERT INTO perorg_system (perorg_id,persys_role,system_code) values (51,'USER','LINUX');
INSERT INTO perorg_system (perorg_id,persys_role,system_code) values (11,'SYSMGR','');
INSERT INTO perorg_system (perorg_id,persys_role,system_code) values (11,'CLTMGR','APMS');
INSERT INTO perorg_system (perorg_id,persys_role,system_code) values (11,'USER','APMS');
INSERT INTO perorg_system (perorg_id,persys_role,system_code) values (11,'USER','WRMS');
INSERT INTO awm_perorg (perorg_id,perorg_name,perorg_sort_key,perorg_type) values (2,'Michael Allan','Michael Allan','P');
INSERT INTO awm_perorg (perorg_id,perorg_name,perorg_sort_key,perorg_type) values (3,'John Walters','John Walters','P');
INSERT INTO awm_perorg (perorg_id,perorg_name,perorg_sort_key,perorg_type) values (4,'Godfrey Fernandez','Godfrey Fernandez','P');
INSERT INTO awm_perorg (perorg_id,perorg_name,perorg_sort_key,perorg_type) values (5,'Meta Brinkman','Meta Brinkman','P');
INSERT INTO awm_perorg (perorg_id,perorg_name,perorg_sort_key,perorg_type) values (6,'Mike O''Connor','Mike O''Connor','P');
INSERT INTO awm_perorg (perorg_id,perorg_name,perorg_sort_key,perorg_type) values (7,'Paul Waite','Paul Waite','P');
INSERT INTO awm_perorg (perorg_id,perorg_name,perorg_sort_key,perorg_type) values (8,'Dale Felmingham','Dale Felmingham','P');
INSERT INTO awm_perorg (perorg_id,perorg_name,perorg_sort_key,perorg_type) values (9,'Kerri Calder','Kerri Calder','P');
INSERT INTO awm_perorg (perorg_id,perorg_name,perorg_sort_key,perorg_type) values (12,'Mike Figg','Mike Figg','P');
INSERT INTO awm_perorg (perorg_id,perorg_name,perorg_sort_key,perorg_type) values (13,'David McLachlan','David McLachlan','P');
INSERT INTO awm_perorg (perorg_id,perorg_name,perorg_sort_key,perorg_type) values (14,'Catalyst Rentokil List','Catalyst Rentokil List','P');
INSERT INTO awm_perorg (perorg_id,perorg_name,perorg_sort_key,perorg_type) values (15,'Catherine Donnelly','Catherine Donnelly','P');
INSERT INTO awm_perorg (perorg_id,perorg_name,perorg_sort_key,perorg_type) values (16,'Heather Buchanan','Heather Buchanan','P');
INSERT INTO awm_perorg (perorg_id,perorg_name,perorg_sort_key,perorg_type) values (17,'Fiorinda Mascaro','Fiorinda Mascaro','P');
INSERT INTO awm_perorg (perorg_id,perorg_name,perorg_sort_key,perorg_type) values (18,'Renate Silbermann','Renate Silbermann','P');
INSERT INTO awm_perorg (perorg_id,perorg_name,perorg_sort_key,perorg_type) values (19,'Clare Bloomfield','Clare Bloomfield','P');
INSERT INTO awm_perorg (perorg_id,perorg_name,perorg_sort_key,perorg_type) values (20,'Paul di Cristo','Paul di Cristo','P');
INSERT INTO awm_perorg (perorg_id,perorg_name,perorg_sort_key,perorg_type) values (21,'Nerida Jeffree','Nerida Jeffree','P');
INSERT INTO awm_perorg (perorg_id,perorg_name,perorg_sort_key,perorg_type) values (22,'Ewen McNeill','Ewen McNeill','P');
INSERT INTO awm_perorg (perorg_id,perorg_name,perorg_sort_key,perorg_type) values (23,'Lynda Steen','Lynda Steen','P');
INSERT INTO awm_perorg (perorg_id,perorg_name,perorg_sort_key,perorg_type) values (24,'Tyrone McAuley','Tyrone McAuley','P');
INSERT INTO awm_perorg (perorg_id,perorg_name,perorg_sort_key,perorg_type) values (25,'Tim Dean','Tim Dean','P');
INSERT INTO awm_perorg (perorg_id,perorg_name,perorg_sort_key,perorg_type) values (26,'Anna Brooker','Anna Brooker','P');
INSERT INTO awm_perorg (perorg_id,perorg_name,perorg_sort_key,perorg_type) values (27,'Donald Christie','Donald Christie','P');
INSERT INTO awm_perorg (perorg_id,perorg_name,perorg_sort_key,perorg_type) values (28,'Alan McNatty','Alan McNatty','P');
INSERT INTO awm_perorg (perorg_id,perorg_name,perorg_sort_key,perorg_type) values (29,'Mandy Natusch','Mandy Natusch','P');
INSERT INTO awm_perorg (perorg_id,perorg_name,perorg_sort_key,perorg_type) values (31,'Kevin House','Kevin House','P');
INSERT INTO awm_perorg (perorg_id,perorg_name,perorg_sort_key,perorg_type) values (32,'Diane Williams','Diane Williams','P');
INSERT INTO awm_perorg (perorg_id,perorg_name,perorg_sort_key,perorg_type) values (33,'Greg Kenward','Greg Kenward','P');
INSERT INTO awm_perorg (perorg_id,perorg_name,perorg_sort_key,perorg_type) values (34,'Margaret Miller','Margaret Miller','P');
INSERT INTO awm_perorg (perorg_id,perorg_name,perorg_sort_key,perorg_type) values (35,'Gavin Thompson','Gavin Thompson','P');
INSERT INTO awm_perorg (perorg_id,perorg_name,perorg_sort_key,perorg_type) values (36,'Bill Gilbert','Bill Gilbert','P');
INSERT INTO awm_perorg (perorg_id,perorg_name,perorg_sort_key,perorg_type) values (38,'New Zealand Growth Property Trust','NZGP','O');
INSERT INTO awm_perorg (perorg_id,perorg_name,perorg_sort_key,perorg_type) values (39,'Australian Growth Properties','AGP','O');
INSERT INTO awm_perorg (perorg_id,perorg_name,perorg_sort_key,perorg_type) values (40,'AmTrust Pacific Ltd','AMTRUST','O');
INSERT INTO awm_perorg (perorg_id,perorg_name,perorg_sort_key,perorg_type) values (41,'Wellington Newspapers','WNL','O');
INSERT INTO awm_perorg (perorg_id,perorg_name,perorg_sort_key,perorg_type) values (42,'Nelson Bays Meat Processors','NBMP','O');
INSERT INTO awm_perorg (perorg_id,perorg_name,perorg_sort_key,perorg_type) values (43,'Rentokil Initial','RENTOKIL','O');
INSERT INTO awm_perorg (perorg_id,perorg_name,perorg_sort_key,perorg_type) values (44,'Worley Consulting Group','WORLEY','O');
INSERT INTO awm_perorg (perorg_id,perorg_name,perorg_sort_key,perorg_type) values (45,'Transit New Zealand','TRANSIT','O');
INSERT INTO awm_perorg (perorg_id,perorg_name,perorg_sort_key,perorg_type) values (46,'Parents Centres New Zealand','PCNZ','O');
INSERT INTO awm_perorg (perorg_id,perorg_name,perorg_sort_key,perorg_type) values (47,'Plumbing World Limited','PWL','O');
INSERT INTO awm_perorg (perorg_id,perorg_name,perorg_sort_key,perorg_type) values (10,'Andrew McMillan','Andrew McMillan','P');
INSERT INTO awm_perorg (perorg_id,perorg_name,perorg_sort_key,perorg_type) values (37,'Catalyst IT Ltd','CATALYST','O');
INSERT INTO awm_perorg (perorg_id,perorg_name,perorg_sort_key,perorg_type) values (30,'Nicki Cole','Nicki Cole','P');
INSERT INTO awm_perorg (perorg_id,perorg_name,perorg_sort_key,perorg_type) values (48,'Louise Miller','Louise Miller','P');
INSERT INTO awm_perorg (perorg_id,perorg_name,perorg_sort_key,perorg_type) values (50,'Alastair Thompson','Alastair Thompson','P');
INSERT INTO awm_perorg (perorg_id,perorg_name,perorg_sort_key,perorg_type) values (51,'Jackie Hjorth','hjorth, jackie','P');
INSERT INTO awm_perorg (perorg_id,perorg_name,perorg_sort_key,perorg_type) values (11,'Kimberley Fairbanks','Kimberley Fairbanks','P');
INSERT INTO awm_perorg_data (perorg_id,po_data_name,po_data_value) values (2,'email','mallan@agp.com.au');
INSERT INTO awm_perorg_data (perorg_id,po_data_name,po_data_value) values (3,'email','Andrew@cat-it.co.nz');
INSERT INTO awm_perorg_data (perorg_id,po_data_name,po_data_value) values (4,'email','Godfrey@cat-it.co.nz');
INSERT INTO awm_perorg_data (perorg_id,po_data_name,po_data_value) values (5,'email','meta@plumbing-world.co.nz');
INSERT INTO awm_perorg_data (perorg_id,po_data_name,po_data_value) values (6,'email','Mike@cat-it.co.nz');
INSERT INTO awm_perorg_data (perorg_id,po_data_name,po_data_value) values (7,'email','paul@cat-it.co.nz');
INSERT INTO awm_perorg_data (perorg_id,po_data_name,po_data_value) values (8,'email','dale@nbmp.co.nz');
INSERT INTO awm_perorg_data (perorg_id,po_data_name,po_data_value) values (9,'email','kcalder@ttp.co.nz');
INSERT INTO awm_perorg_data (perorg_id,po_data_name,po_data_value) values (12,'email','mfigg@agp.com.au');
INSERT INTO awm_perorg_data (perorg_id,po_data_name,po_data_value) values (13,'email','dmclachlan@transitnz.govt.nz');
INSERT INTO awm_perorg_data (perorg_id,po_data_name,po_data_value) values (14,'email','rkcatalyst@cat-it.co.nz');
INSERT INTO awm_perorg_data (perorg_id,po_data_name,po_data_value) values (15,'email','cdonnelly@agp.com.au');
INSERT INTO awm_perorg_data (perorg_id,po_data_name,po_data_value) values (16,'email','Andrew@cat-it.co.nz');
INSERT INTO awm_perorg_data (perorg_id,po_data_name,po_data_value) values (17,'email','fmascaro@agp.com.au');
INSERT INTO awm_perorg_data (perorg_id,po_data_name,po_data_value) values (18,'email','RSilbermann@agp.com.au');
INSERT INTO awm_perorg_data (perorg_id,po_data_name,po_data_value) values (19,'email','CBloomfield@agp.com.au');
INSERT INTO awm_perorg_data (perorg_id,po_data_name,po_data_value) values (20,'email','PdiCristo@agp.com.au');
INSERT INTO awm_perorg_data (perorg_id,po_data_name,po_data_value) values (21,'email','njeffree@agp.com.au');
INSERT INTO awm_perorg_data (perorg_id,po_data_name,po_data_value) values (22,'email','ewen@cat-it.co.nz');
INSERT INTO awm_perorg_data (perorg_id,po_data_name,po_data_value) values (23,'email','Lynda@capit.co.nz');
INSERT INTO awm_perorg_data (perorg_id,po_data_name,po_data_value) values (24,'email','Tyrone@cat-it.co.nz');
INSERT INTO awm_perorg_data (perorg_id,po_data_name,po_data_value) values (25,'email','tim@capit.co.nz');
INSERT INTO awm_perorg_data (perorg_id,po_data_name,po_data_value) values (26,'email','anna@cat-it.co.nz');
INSERT INTO awm_perorg_data (perorg_id,po_data_name,po_data_value) values (27,'email','Don@cat-it.co.nz');
INSERT INTO awm_perorg_data (perorg_id,po_data_name,po_data_value) values (28,'email','Alan@cat-it.co.nz');
INSERT INTO awm_perorg_data (perorg_id,po_data_name,po_data_value) values (29,'email','mandy@parentscentre.org.nz');
INSERT INTO awm_perorg_data (perorg_id,po_data_name,po_data_value) values (31,'email','kevin.house@rentokil-initial.co.nz');
INSERT INTO awm_perorg_data (perorg_id,po_data_name,po_data_value) values (32,'email','dwilli@nzgp.co.nz');
INSERT INTO awm_perorg_data (perorg_id,po_data_name,po_data_value) values (33,'email','gkenward@nzgp.co.nz');
INSERT INTO awm_perorg_data (perorg_id,po_data_name,po_data_value) values (34,'email','MMiller@nzgp.co.nz');
INSERT INTO awm_perorg_data (perorg_id,po_data_name,po_data_value) values (35,'email','Gavin@cat-it.co.nz');
INSERT INTO awm_perorg_data (perorg_id,po_data_name,po_data_value) values (36,'email','bill@haka.co.nz');
INSERT INTO awm_perorg_data (perorg_id,po_data_name,po_data_value) values (10,'email','Andrew@cat-it.co.nz');
INSERT INTO awm_perorg_data (perorg_id,po_data_name,po_data_value) values (30,'email','ncole@nzgp.co.nz');
INSERT INTO awm_perorg_data (perorg_id,po_data_name,po_data_value) values (48,'email','LMiller@ttp.co.nz');
INSERT INTO awm_perorg_data (perorg_id,po_data_name,po_data_value) values (50,'email','alastair@scoop.co.nz');
INSERT INTO awm_perorg_data (perorg_id,po_data_name,po_data_value) values (51,'email','JHjorth@ttp.co.nz');
INSERT INTO awm_perorg_data (perorg_id,po_data_name,po_data_value) values (11,'email','kfairbanks@agp.com.au');
INSERT INTO awm_perorg_rel (perorg_id,perorg_rel_id,perorg_rel_type) values (37,10,'admin_usr');
INSERT INTO awm_perorg_rel (perorg_id,perorg_rel_id,perorg_rel_type) values (38,30,'admin_usr');
INSERT INTO awm_perorg_rel (perorg_id,perorg_rel_id,perorg_rel_type) values (39,2,'admin_usr');
INSERT INTO awm_perorg_rel (perorg_id,perorg_rel_id,perorg_rel_type) values (40,25,'admin_usr');
INSERT INTO awm_perorg_rel (perorg_id,perorg_rel_id,perorg_rel_type) values (41,3,'admin_usr');
INSERT INTO awm_perorg_rel (perorg_id,perorg_rel_id,perorg_rel_type) values (42,8,'admin_usr');
INSERT INTO awm_perorg_rel (perorg_id,perorg_rel_id,perorg_rel_type) values (43,31,'admin_usr');
INSERT INTO awm_perorg_rel (perorg_id,perorg_rel_id,perorg_rel_type) values (45,13,'admin_usr');
INSERT INTO awm_perorg_rel (perorg_id,perorg_rel_id,perorg_rel_type) values (46,29,'admin_usr');
INSERT INTO awm_perorg_rel (perorg_id,perorg_rel_id,perorg_rel_type) values (47,5,'admin_usr');
INSERT INTO awm_perorg_rel (perorg_id,perorg_rel_id,perorg_rel_type) values (37,4,'Employer');
INSERT INTO awm_perorg_rel (perorg_id,perorg_rel_id,perorg_rel_type) values (37,6,'Employer');
INSERT INTO awm_perorg_rel (perorg_id,perorg_rel_id,perorg_rel_type) values (37,7,'Employer');
INSERT INTO awm_perorg_rel (perorg_id,perorg_rel_id,perorg_rel_type) values (37,13,'Employer');
INSERT INTO awm_perorg_rel (perorg_id,perorg_rel_id,perorg_rel_type) values (37,14,'Employer');
INSERT INTO awm_perorg_rel (perorg_id,perorg_rel_id,perorg_rel_type) values (37,16,'Employer');
INSERT INTO awm_perorg_rel (perorg_id,perorg_rel_id,perorg_rel_type) values (37,22,'Employer');
INSERT INTO awm_perorg_rel (perorg_id,perorg_rel_id,perorg_rel_type) values (37,24,'Employer');
INSERT INTO awm_perorg_rel (perorg_id,perorg_rel_id,perorg_rel_type) values (37,26,'Employer');
INSERT INTO awm_perorg_rel (perorg_id,perorg_rel_id,perorg_rel_type) values (37,27,'Employer');
INSERT INTO awm_perorg_rel (perorg_id,perorg_rel_id,perorg_rel_type) values (37,28,'Employer');
INSERT INTO awm_perorg_rel (perorg_id,perorg_rel_id,perorg_rel_type) values (37,35,'Employer');
INSERT INTO awm_perorg_rel (perorg_id,perorg_rel_id,perorg_rel_type) values (38,9,'Employer');
INSERT INTO awm_perorg_rel (perorg_id,perorg_rel_id,perorg_rel_type) values (38,32,'Employer');
INSERT INTO awm_perorg_rel (perorg_id,perorg_rel_id,perorg_rel_type) values (38,33,'Employer');
INSERT INTO awm_perorg_rel (perorg_id,perorg_rel_id,perorg_rel_type) values (38,34,'Employer');
INSERT INTO awm_perorg_rel (perorg_id,perorg_rel_id,perorg_rel_type) values (39,2,'Employer');
INSERT INTO awm_perorg_rel (perorg_id,perorg_rel_id,perorg_rel_type) values (39,12,'Employer');
INSERT INTO awm_perorg_rel (perorg_id,perorg_rel_id,perorg_rel_type) values (39,15,'Employer');
INSERT INTO awm_perorg_rel (perorg_id,perorg_rel_id,perorg_rel_type) values (39,17,'Employer');
INSERT INTO awm_perorg_rel (perorg_id,perorg_rel_id,perorg_rel_type) values (39,18,'Employer');
INSERT INTO awm_perorg_rel (perorg_id,perorg_rel_id,perorg_rel_type) values (39,19,'Employer');
INSERT INTO awm_perorg_rel (perorg_id,perorg_rel_id,perorg_rel_type) values (39,20,'Employer');
INSERT INTO awm_perorg_rel (perorg_id,perorg_rel_id,perorg_rel_type) values (39,21,'Employer');
INSERT INTO awm_perorg_rel (perorg_id,perorg_rel_id,perorg_rel_type) values (40,23,'Employer');
INSERT INTO awm_perorg_rel (perorg_id,perorg_rel_id,perorg_rel_type) values (40,25,'Employer');
INSERT INTO awm_perorg_rel (perorg_id,perorg_rel_id,perorg_rel_type) values (41,3,'Employer');
INSERT INTO awm_perorg_rel (perorg_id,perorg_rel_id,perorg_rel_type) values (42,8,'Employer');
INSERT INTO awm_perorg_rel (perorg_id,perorg_rel_id,perorg_rel_type) values (43,31,'Employer');
INSERT INTO awm_perorg_rel (perorg_id,perorg_rel_id,perorg_rel_type) values (46,29,'Employer');
INSERT INTO awm_perorg_rel (perorg_id,perorg_rel_id,perorg_rel_type) values (46,36,'Employer');
INSERT INTO awm_perorg_rel (perorg_id,perorg_rel_id,perorg_rel_type) values (47,5,'Employer');
INSERT INTO awm_perorg_rel (perorg_id,perorg_rel_id,perorg_rel_type) values (37,10,'Employer');
INSERT INTO awm_perorg_rel (perorg_id,perorg_rel_id,perorg_rel_type) values (38,30,'Employer');
INSERT INTO awm_perorg_rel (perorg_id,perorg_rel_id,perorg_rel_type) values (38,48,'Employer');
INSERT INTO awm_perorg_rel (perorg_id,perorg_rel_id,perorg_rel_type) values (41,50,'Employer');
INSERT INTO awm_perorg_rel (perorg_id,perorg_rel_id,perorg_rel_type) values (38,51,'Employer');
INSERT INTO awm_perorg_rel (perorg_id,perorg_rel_id,perorg_rel_type) values (39,11,'Employer');
INSERT INTO awm_usr (perorg_id,validated,enabled,access_level,last_accessed,username,password) values (2,1,1,1000,'Tue 26 Oct 14:11:39 1999 NZDT','mallan','thomas');
INSERT INTO awm_usr (perorg_id,validated,enabled,access_level,last_accessed,username,password) values (3,1,1,5000,NULL,'john-walters','john-walters');
INSERT INTO awm_usr (perorg_id,validated,enabled,access_level,last_accessed,username,password) values (4,1,1,90000,NULL,'godfrey','leo');
INSERT INTO awm_usr (perorg_id,validated,enabled,access_level,last_accessed,username,password) values (5,1,1,1000,'Mon 02 Aug 15:36:59 1999 NZST','meta','sam123');
INSERT INTO awm_usr (perorg_id,validated,enabled,access_level,last_accessed,username,password) values (6,1,1,90000,'Tue 20 Jul 13:42:34 1999 NZST','mike','leo');
INSERT INTO awm_usr (perorg_id,validated,enabled,access_level,last_accessed,username,password) values (7,1,1,90000,NULL,'paul','Waitomo.');
INSERT INTO awm_usr (perorg_id,validated,enabled,access_level,last_accessed,username,password) values (8,1,1,9000,NULL,'dale','dale');
INSERT INTO awm_usr (perorg_id,validated,enabled,access_level,last_accessed,username,password) values (9,1,1,1000,NULL,'kerri','kerri');
INSERT INTO awm_usr (perorg_id,validated,enabled,access_level,last_accessed,username,password) values (12,1,1,1000,NULL,'mfigg','no tie');
INSERT INTO awm_usr (perorg_id,validated,enabled,access_level,last_accessed,username,password) values (13,1,1,1000,NULL,'davidm','convent');
INSERT INTO awm_usr (perorg_id,validated,enabled,access_level,last_accessed,username,password) values (14,1,1,1000,'Wed 08 Sep 11:21:53 1999 NZST','rkcatalyst','');
INSERT INTO awm_usr (perorg_id,validated,enabled,access_level,last_accessed,username,password) values (15,1,1,1000,'Wed 01 Sep 10:57:59 1999 NZST','cathy','');
INSERT INTO awm_usr (perorg_id,validated,enabled,access_level,last_accessed,username,password) values (16,1,1,1000,NULL,'heathermax','xenon');
INSERT INTO awm_usr (perorg_id,validated,enabled,access_level,last_accessed,username,password) values (18,1,1,1000,NULL,'renate','');
INSERT INTO awm_usr (perorg_id,validated,enabled,access_level,last_accessed,username,password) values (19,1,1,1000,NULL,'clare','bloomfield');
INSERT INTO awm_usr (perorg_id,validated,enabled,access_level,last_accessed,username,password) values (20,1,1,1000,'Fri 27 Aug 14:02:47 1999 NZST','pdc','');
INSERT INTO awm_usr (perorg_id,validated,enabled,access_level,last_accessed,username,password) values (21,1,1,1000,NULL,'nerida','');
INSERT INTO awm_usr (perorg_id,validated,enabled,access_level,last_accessed,username,password) values (22,1,1,99900,'Wed 22 Sep 13:36:09 1999 NZST','ewen','random text');
INSERT INTO awm_usr (perorg_id,validated,enabled,access_level,last_accessed,username,password) values (23,1,1,1000,NULL,'lynda',NULL);
INSERT INTO awm_usr (perorg_id,validated,enabled,access_level,last_accessed,username,password) values (26,1,1,1000,'Sun 04 Jul 09:19:18 1999 NZST','anna','axel');
INSERT INTO awm_usr (perorg_id,validated,enabled,access_level,last_accessed,username,password) values (27,1,1,90000,'Thu 09 Sep 12:25:39 1999 NZST','don','fly');
INSERT INTO awm_usr (perorg_id,validated,enabled,access_level,last_accessed,username,password) values (29,1,1,1000,'Tue 20 Jul 13:27:05 1999 NZST','mandy','natusch');
INSERT INTO awm_usr (perorg_id,validated,enabled,access_level,last_accessed,username,password) values (31,1,1,1000,'Wed 30 Jun 11:22:17 1999 NZST','kevin','noplunket');
INSERT INTO awm_usr (perorg_id,validated,enabled,access_level,last_accessed,username,password) values (33,1,1,1000,NULL,'greg','gkqprq');
INSERT INTO awm_usr (perorg_id,validated,enabled,access_level,last_accessed,username,password) values (35,1,1,90000,'Tue 27 Jul 09:31:22 1999 NZST','gavin','miller');
INSERT INTO awm_usr (perorg_id,validated,enabled,access_level,last_accessed,username,password) values (36,1,1,1000,'Tue 02 Nov 08:38:40 1999 NZDT','bill','gilbert');
INSERT INTO awm_usr (perorg_id,validated,enabled,access_level,last_accessed,username,password) values (17,1,1,1000,'Wed 24 Nov 16:08:29 1999 NZDT','fiorinda','');
INSERT INTO awm_usr (perorg_id,validated,enabled,access_level,last_accessed,username,password) values (24,1,1,90000,'Fri 26 Nov 05:09:17 1999 NZDT','tyrone','sony');
INSERT INTO awm_usr (perorg_id,validated,enabled,access_level,last_accessed,username,password) values (50,0,0,1000,NULL,'scoop','');
INSERT INTO awm_usr (perorg_id,validated,enabled,access_level,last_accessed,username,password) values (51,0,1,100,NULL,'jackie',NULL);
INSERT INTO awm_usr (perorg_id,validated,enabled,access_level,last_accessed,username,password) values (28,1,1,90000,'Thu 09 Dec 17:24:36 1999 NZDT','alan','shoe');
INSERT INTO awm_usr (perorg_id,validated,enabled,access_level,last_accessed,username,password) values (48,1,1,1000,'Thu 16 Dec 08:53:48 1999 NZDT','louise','');
INSERT INTO awm_usr (perorg_id,validated,enabled,access_level,last_accessed,username,password) values (11,1,1,1000,'Tue 26 Oct 14:04:42 1999 NZDT','kimberley','');
INSERT INTO awm_usr (perorg_id,validated,enabled,access_level,last_accessed,username,password) values (30,1,1,5000,'Wed 15 Dec 17:03:43 1999 NZDT','ncole','chelsea');
INSERT INTO awm_usr (perorg_id,validated,enabled,access_level,last_accessed,username,password) values (32,1,1,1000,'Thu 16 Dec 11:31:00 1999 NZDT','diane',NULL);
INSERT INTO awm_usr (perorg_id,validated,enabled,access_level,last_accessed,username,password) values (25,1,1,5000,'Wed 08 Dec 15:27:25 1999 NZDT','tim','pilot');
INSERT INTO awm_usr (perorg_id,validated,enabled,access_level,last_accessed,username,password) values (34,1,1,1000,'Thu 16 Dec 12:28:39 1999 NZDT','margaret','margaret');
INSERT INTO awm_usr (perorg_id,validated,enabled,access_level,last_accessed,username,password) values (10,1,1,99900,'Thu 16 Dec 13:17:39 1999 NZDT','andrew','4thrite');
INSERT INTO awm_usr_group (username,group_name) values ('andrew','everyone');
INSERT INTO awm_usr_group (username,group_name) values ('andrew','wrmsadmin');
INSERT INTO awm_usr_group (username,group_name) values ('andrew','siteadmin');
INSERT INTO awm_usr_group (username,group_name) values ('andrew','useradmin');
INSERT INTO awm_usr_group (username,group_name) values ('andrew','systemadmin');
INSERT INTO awm_usr_group (username,group_name) values ('mandy','everyone');
INSERT INTO awm_usr_group (username,group_name) values ('mandy','systemadmin');
INSERT INTO awm_usr_group (username,group_name) values ('mandy','siteadmin');
INSERT INTO awm_usr_setting (username,setting_name,setting_value) values ('mike','list-requests','0~~active~severity_code DESC');
INSERT INTO awm_usr_setting (username,setting_name,setting_value) values ('Cathy','list-requests','0~~active~severity_code DESC~AGP~~~');
INSERT INTO awm_usr_setting (username,setting_name,setting_value) values ('renate','list-requests','0~~active~severity_code DESC');
INSERT INTO awm_usr_setting (username,setting_name,setting_value) values ('anna','list-requests','~~active~severity_code DESC~');
INSERT INTO awm_usr_setting (username,setting_name,setting_value) values ('mfigg','list-requests','0~~NOT active~severity_code DESC~');
INSERT INTO awm_usr_setting (username,setting_name,setting_value) values ('tyrone','list-requests','0~~active~request_id ASC~~~~');
INSERT INTO awm_usr_setting (username,setting_name,setting_value) values ('clare','list-requests','0~~active~severity_code DESC~agp');
INSERT INTO awm_usr_setting (username,setting_name,setting_value) values ('nerida','list-requests','0~~active~severity_code DESC~AGP');
INSERT INTO awm_usr_setting (username,setting_name,setting_value) values ('gavin','list-requests','10~~active~last_noted DESC~');
INSERT INTO awm_usr_setting (username,setting_name,setting_value) values ('kevin','list-requests','0~~active~request_id DESC~');
INSERT INTO awm_usr_setting (username,setting_name,setting_value) values ('Meta','list-requests','0~~active~severity_code DESC~~~');
INSERT INTO awm_usr_setting (username,setting_name,setting_value) values ('ewen','list-requests','~~active~severity_code DESC~~~~');
INSERT INTO awm_usr_setting (username,setting_name,setting_value) values ('don','list-requests','0~~active~request_id ASC~~RKIL-FIN~~');
INSERT INTO awm_usr_setting (username,setting_name,setting_value) values ('mandy','list-requests','0~~active~severity_code DESC~~~');
INSERT INTO awm_usr_setting (username,setting_name,setting_value) values ('Kimberley','list-requests','0~~active~severity_code DESC~AGP~~~');
INSERT INTO awm_usr_setting (username,setting_name,setting_value) values ('rkcatalyst','list-requests','0~~active~severity_code DESC~RENTOKIL~~~');
INSERT INTO awm_usr_setting (username,setting_name,setting_value) values ('pdc','list-requests','0~~NOT active~severity_code DESC~~~brief');
INSERT INTO awm_usr_setting (username,setting_name,setting_value) values ('kimberley','list-requests','~~active~severity_code DESC~~~~');
INSERT INTO awm_usr_setting (username,setting_name,setting_value) values ('mallan','list-requests','0~~active~severity_code DESC~agp~~~');
INSERT INTO awm_usr_setting (username,setting_name,setting_value) values ('bill','list-requests','0~bill~active~severity_code DESC~pcnz~~detail~');
INSERT INTO awm_usr_setting (username,setting_name,setting_value) values ('fiorinda','list-requests','10~FIORINDA~active~severity_code DESC~AGP~~~');
INSERT INTO awm_usr_setting (username,setting_name,setting_value) values ('louise','list-requests','0~~active~severity_code DESC~NZGP~APMS~brief~');
INSERT INTO awm_usr_setting (username,setting_name,setting_value) values ('ncole','list-requests','0~~active~severity_code DESC~~~brief~');
INSERT INTO awm_usr_setting (username,setting_name,setting_value) values ('diane','list-requests','~~active~severity_code DESC~~~~');
INSERT INTO awm_usr_setting (username,setting_name,setting_value) values ('margaret','list-requests','0~~active~severity_code DESC~NZGP~LAN~~');
INSERT INTO awm_usr_setting (username,setting_name,setting_value) values ('andrew','list-requests','0~~active~severity_code DESC~~~exhaustive~T');
INSERT INTO awm_usr_setting (username,setting_name,setting_value) values ('tim','list-requests','0~tim~active~severity_code DESC~AMTRUST~~brief~');
